{
  "baseline": 0.5772567391395569,
  "low_attack": 0.5800470113754272,
  "recovery_low": 0.5325722694396973,
  "medium_attack": 0.4966774582862854,
  "recovery_medium": 0.38861483335494995,
  "high_attack": 0.47565531730651855,
  "recovery_high": 0.48529887199401855
}