{
  "n_runs_total": 699,
  "models": {
    "schemaB_external": {
      "AR": {
        "n": 133,
        "df_resid_full": 123.0,
        "pct_uniq_subject": 32.973418250433994,
        "pct_uniq_opponent": 11.960120730214241,
        "pct_shared_main": 6.4935616724023255,
        "pct_interaction": 2.8089745025459356,
        "pct_residual": 45.763924844403505,
        "pct_additive_total": 51.42710065305056,
        "residual_rmse": 0.40460084639439936,
        "F_interaction": 2.516566378341725,
        "p_interaction": 0.061359736141639414
      },
      "CCI": {
        "n": 136,
        "df_resid_full": 126.0,
        "pct_uniq_subject": 36.107162815252615,
        "pct_uniq_opponent": 2.2741709603527394,
        "pct_shared_main": 9.75400495233789,
        "pct_interaction": 3.730619082503428,
        "pct_residual": 48.13404218955333,
        "pct_additive_total": 48.13533872794324,
        "residual_rmse": 0.7483799438165853,
        "F_interaction": 3.2552013987960846,
        "p_interaction": 0.023949730674096885
      },
      "EDB": {
        "n": 135,
        "df_resid_full": 125.0,
        "pct_uniq_subject": 31.037616273094258,
        "pct_uniq_opponent": 7.428658003836541,
        "pct_shared_main": 10.0220291579441,
        "pct_interaction": 5.653992984474854,
        "pct_residual": 45.857703580650245,
        "pct_additive_total": 48.4883034348749,
        "residual_rmse": 0.7264372118271974,
        "F_interaction": 5.137262065586523,
        "p_interaction": 0.0022021505184898304
      },
      "MG": {
        "n": 133,
        "df_resid_full": 123.0,
        "pct_uniq_subject": 80.44827921376752,
        "pct_uniq_opponent": 1.4290993834669807,
        "pct_shared_main": 6.602896267841196,
        "pct_interaction": 3.0099723968965986,
        "pct_residual": 8.509752738027698,
        "pct_additive_total": 88.4802748650757,
        "residual_rmse": 0.4176980511999488,
        "F_interaction": 14.502051008048822,
        "p_interaction": 3.791407516605898e-08
      },
      "PF_E": {
        "n": 133,
        "df_resid_full": 123.0,
        "pct_uniq_subject": 66.58157794426329,
        "pct_uniq_opponent": 2.8649757899615325,
        "pct_shared_main": 16.698957020705873,
        "pct_interaction": 2.0548666625406,
        "pct_residual": 11.799622582528713,
        "pct_additive_total": 86.14551075493068,
        "residual_rmse": 0.4307312083276438,
        "F_interaction": 7.140019316288115,
        "p_interaction": 0.00018447337149513394
      },
      "PF_I": {
        "n": 134,
        "df_resid_full": 124.0,
        "pct_uniq_subject": 71.69161710933177,
        "pct_uniq_opponent": 0.8916459026825474,
        "pct_shared_main": 18.199975888116214,
        "pct_interaction": 0.7791053334521791,
        "pct_residual": 8.437655766417285,
        "pct_additive_total": 90.78323890013054,
        "residual_rmse": 0.6477909165506501,
        "F_interaction": 3.8165838167430257,
        "p_interaction": 0.011751514387300469
      }
    },
    "schemaB_control": {
      "AR": {
        "n": 155,
        "df_resid_full": 145.0,
        "pct_uniq_subject": 51.3419801925901,
        "pct_uniq_opponent": 0.14455937280600795,
        "pct_shared_main": 27.935815874414438,
        "pct_interaction": 0.2932149378093496,
        "pct_residual": 20.284429622380106,
        "pct_additive_total": 79.42235543981054,
        "residual_rmse": 0.41158964331328685,
        "F_interaction": 0.6986666912149923,
        "p_interaction": 0.5543154015153378
      },
      "CCI": {
        "n": 155,
        "df_resid_full": 145.0,
        "pct_uniq_subject": 54.59842196309776,
        "pct_uniq_opponent": 0.2615043117645266,
        "pct_shared_main": 13.717232765243336,
        "pct_interaction": 0.6331254216721982,
        "pct_residual": 30.789715538222172,
        "pct_additive_total": 68.57715904010563,
        "residual_rmse": 0.43536293996897885,
        "F_interaction": 0.9938728407380535,
        "p_interaction": 0.39759807014872417
      },
      "EDB": {
        "n": 155,
        "df_resid_full": 145.0,
        "pct_uniq_subject": 70.47141858286687,
        "pct_uniq_opponent": 0.06603612149294058,
        "pct_shared_main": 18.205144709109465,
        "pct_interaction": 0.11256764348021031,
        "pct_residual": 11.14483294305051,
        "pct_additive_total": 88.74259941346928,
        "residual_rmse": 0.36013603316308856,
        "F_interaction": 0.4881876168695155,
        "p_interaction": 0.6910164635685105
      },
      "MG": {
        "n": 155,
        "df_resid_full": 145.0,
        "pct_uniq_subject": 76.10756328330628,
        "pct_uniq_opponent": 0.08393690344079552,
        "pct_shared_main": 20.18133741652237,
        "pct_interaction": 0.1101121457076748,
        "pct_residual": 3.5170502510228796,
        "pct_additive_total": 96.37283760326945,
        "residual_rmse": 0.4361945368539033,
        "F_interaction": 1.5132246236714384,
        "p_interaction": 0.21359725137285845
      },
      "PF_E": {
        "n": 155,
        "df_resid_full": 145.0,
        "pct_uniq_subject": 62.7455780735787,
        "pct_uniq_opponent": 0.14352434544159243,
        "pct_shared_main": 26.10044270650581,
        "pct_interaction": 0.28215543562226664,
        "pct_residual": 10.728299438851629,
        "pct_additive_total": 88.9895451255261,
        "residual_rmse": 0.4713924214993511,
        "F_interaction": 1.2711718944342631,
        "p_interaction": 0.2865557807763896
      },
      "PF_I": {
        "n": 155,
        "df_resid_full": 145.0,
        "pct_uniq_subject": 81.10056540622953,
        "pct_uniq_opponent": 0.14861681807316618,
        "pct_shared_main": 12.993125033017671,
        "pct_interaction": 0.024310981850605984,
        "pct_residual": 5.733381760829015,
        "pct_additive_total": 94.24230725732038,
        "residual_rmse": 0.572611708995718,
        "F_interaction": 0.20494549961313752,
        "p_interaction": 0.892841543092526
      }
    }
  }
}