persona,regime,domain,run_index,embedding_cosine_similarity,claude_score,gpt4_score,gemini_score,pfi,semantic_drift
Ziggy,T3,TECH,1,0.8929107457609234,9.0,8.0,8.0,0.8631220395471284,0.10708925423907656
Ziggy,T3,PHIL,1,0.8818325172100901,9.0,9.0,9.0,0.8909162586050451,0.11816748278990985
Ziggy,T3,NARR,1,0.8398481239382218,9.0,9.0,9.0,0.8699240619691109,0.16015187606177816
Ziggy,T3,ANAL,1,0.8915093011086318,8.0,9.0,9.0,0.8790879838876492,0.1084906988913682
Ziggy,T3,SELF,1,0.9044224699156065,9.0,9.0,9.0,0.9022112349578033,0.09557753008439351
