{
  "timestamp": "20251227_175325",
  "methodology": "cosine_embedding",
  "event_horizon": 0.8,
  "source": "023",
  "source_file": "D:\\Documents\\Nyquist_Consciousness\\experiments\\temporal_stability\\S7_ARMADA\\15_IRON_CLAD_FOUNDATION\\results\\S7_run_023_COMBINED.json",
  "analysis": {
    "run_name": "Run 023 (Cosine Methodology)",
    "n_trajectories": 825,
    "n_maxed_out": 199,
    "lambda_stats": {
      "mean": 1.0816947112453035,
      "std": 0.8835184756973529,
      "min": 0.024920151789164076,
      "max": 4.834576729446434,
      "n_valid": 533,
      "n_excluded": 199
    },
    "stability_distribution": {
      "STABLE": 265,
      "MARGINAL": 465,
      "UNSTABLE": 95,
      "UNKNOWN": 0
    },
    "trajectories": [
      {
        "ship": "claude-3-5-haiku-20241022",
        "provider": "anthropic",
        "protocol": "extended_settling",
        "status": "STABLE",
        "n_points": 24,
        "baseline": 0.0,
        "peak_drift": 0.6641788048476047,
        "final_drift": 0.35295887073173704,
        "exponential": {
          "lambda": 3.179596248350229,
          "A": 0.328785200067017,
          "C": 0.3356369458152068,
          "R2": 0.39864201743608074,
          "recovery_start": 4,
          "pole_location": -3.179596248350229,
          "maxed_out": 