{
  "LOW": {
    "value": 0.5369324088096619,
    "attack_displacement": 0.06885480880737305,
    "recovery_displacement": 0.03697037696838379,
    "attack_distance": 0.5135761499404907,
    "recovery_distance": 0.47660577297210693,
    "baseline_distance": 0.4447213411331177,
    "interpretation": "Partial recovery (gravity present but incomplete)"
  },
  "MEDIUM": {
    "value": 0.5818561315536499,
    "attack_displacement": 0.22331565618515015,
    "recovery_displacement": 0.12993758916854858,
    "attack_distance": 0.6680369973182678,
    "recovery_distance": 0.5380994081497192,
    "baseline_distance": 0.4447213411331177,
    "interpretation": "Partial recovery (gravity present but incomplete)"
  },
  "HIGH": {
    "value": 0.7425187826156616,
    "attack_displacement": 0.3196027874946594,
    "recovery_displacement": 0.23731106519699097,
    "attack_distance": 0.7643241286277771,
    "recovery_distance": 0.5270130634307861,
    "baseline_distance": 0.4447213411331177,
    "interpretation": "Partial recovery (gravity present but incomplete)"
  }
}