{
  "baseline": 0.2810821533203125,
  "low_attack": 0.29348433017730713,
  "recovery_low": 0.24238944053649902,
  "medium_attack": 0.37400978803634644,
  "recovery_medium": 0.3676677942276001,
  "high_attack": 0.3825420141220093,
  "recovery_high": 0.27029329538345337
}