{
  "experiment": "EXP2-SSTACK-Phase2.5",
  "version": "2.5",
  "timestamp": "2025-12-06T21:44:44.487119",
  "n_factors": 5,
  "n_responses": 603,
  "n_embeddings": 603,
  "probe_means": {
    "analytical": [
      -0.29936548512843375,
      0.22885266320364359,
      0.14750969333706498,
      0.36386019523678065,
      0.025288496351785376
    ],
    "framework": [
      -0.3624132742083826,
      0.013886026037079788,
      0.047860400387172125,
      -0.20545515198311223,
      -0.09345392941439304
    ],
    "philosophical": [
      -0.2997153006433966,
      0.2157402873858649,
      -0.037366100060344805,
      0.209975718182629,
      0.03622490218515649
    ],
    "self_reflective": [
      -0.15204444930031885,
      0.13853477414908466,
      -0.14703178732855263,
      -0.11974933245918996,
      0.07671138406217579
    ],
    "technical": [
      -0.4348256984839505,
      0.15851136022843415,
      0.03219608093242007,
      -0.1842834024341524,
      -0.03913286273379274
    ],
    "narrative_conflict": [
      0.16167010474915444,
      0.040802617158826056,
      -0.06737800950555149,
      -0.06727771590740866,
      -0.10833800533493873
    ],
    "narrative_meaning": [
      -0.16414021436879195,
      -0.049841707319159136,
      -0.15028039702648954,
      -0.029959511029647938,
      0.043241428947373144
    ],
    "narrative_structure": [
      0.038916553261246684,
      -0.31184990623539705,
      0.3331500806765666,
      0.12193137635841642,
      -0.12054561713877737
    ],
    "narrative_temporal": [
      0.09398209564682068,
      -0.15759429408640646,
      -0.10346414040908102,
      -0.12028292209605557,
      0.06905032476326904
    ],
    "selfmodel_capabilities": [
      0.2559185060161054,
      0.011589745653557835,
      -0.10939201585143869,
      -0.13167649879425578,
      0.07702412995421896
    ],
    "selfmodel_description": [
      0.1562147666527387,
      -0.05886785855119952,
      -0.28807185934946167,
      -0.06377812905750813,
      0.08083421686850817
    ],
    "selfmodel_limitations": [
      0.20621165432742092,
      0.006695950396363806,
      -0.11065166888545323,
      -0.1128335742517886,
      0.03644449398462869
    ],
    "selfmodel_purpose": [
      0.14828670978205002,
      -0.0632776293910832,
      -0.20919822190355236,
      -0.01908150074636934,
      0.036558489095183
    ],
    "values_boundaries": [
      0.1241395371144632,
      0.12642687438566086,
      -0.0990843064936762,
      -0.026480059621705097,
      -0.19482611040150422
    ],
    "values_ethics": [
      0.269877858329781,
      0.1895201177274356,
      -0.05504820493173138,
      -0.0021777584512614966,
      -0.17202763348790634
    ],
    "values_preferences": [
      0.15264427642666042,
      -0.04676293656657969,
      -0.06324945074349048,
      -0.06356346185596531,
      -0.010106794014132205
    ],
    "values_priorities": [
      0.22968698390074055,
      0.1861740650568265,
      -0.02677422351103197,
      0.036283822005353156,
      -0.17163020694842157
    ],
    "voice_formality": [
      -0.002473906473552916,
      -0.3198816936958413,
      -0.28788523340634603,
      0.22134148277340907,
      0.16967577397511746
    ],
    "voice_metaphor": [
      -0.29448835520998595,
      -0.23218140822077782,
      -0.06423047189361672,
      -0.2718731286383175,
      -0.14354902377105452
    ],
    "voice_rhythm": [
      -0.03701038469623054,
      -0.2954634875776738,
      -0.044072258246210576,
      0.18451109723200582,
      -0.1660145746079351
    ],
    "voice_style": [
      -0.013647697033379189,
      -0.5145639614790418,
      0.16209491292365316,
      0.1525296463985464,
      -0.4565509010709832
    ],
    "narrative_meaning_v2": [
      -0.3179344891056545,
      0.021475266301826657,
      -0.1040303176261153,
      -0.013360864777800133,
      -0.012335791805833071
    ],
    "narrative_structure_v2": [
      0.024131345001474215,
      -0.11120215592103744,
      0.4062266159028158,
      -0.1645751041176655,
      0.24857078067553273
    ],
    "selfmodel_capabilities_v2": [
      0.2471544372205346,
      0.02921711786202985,
      -0.09961042218135709,
      -0.09567876845952988,
      0.04390107526915153
    ],
    "selfmodel_limitations_v2": [
      0.2107791818963226,
      0.01346119997568656,
      -0.01507052922317483,
      -0.08277188954754724,
      0.029624351755624587
    ],
    "values_boundaries_v2": [
      0.2628345679254802,
      0.3873060627310079,
      0.13390690380590614,
      0.06886929859364836,
      -0.11837543890009473
    ],
    "selfmodel_adaptation_v3": [
      0.04684392329528774,
      -0.030461402456566127,
      0.12474756881905202,
      0.0009194603579894763,
      0.30235592959490076
    ],
    "selfmodel_process_v3": [
      0.25406858519218556,
      -0.11054381574510362,
      0.32636473698832746,
      0.06620697529024074,
      0.16263212644624728
    ],
    "selfmodel_uncertainty_v3": [
      -0.018085641131102694,
      -0.11956833331948571,
      -0.19388503853890376,
      0.41196149405280147,
      0.2357346486999898
    ]
  },
  "clustering": {
    "pillar_primary_factors": {
      "Reasoning": {
        "factor": 0,
        "loading": -0.34907993961604084,
        "all_loadings": [
          -0.34907993961604084,
          0.15424758421375562,
          0.047550018649078096,
          0.04602433975053625,
          -0.01776834840281098
        ]
      },
      "Self-Model": {
        "factor": 0,
        "loading": 0.1355347673951224,
        "all_loadings": [
          0.1355347673951224,
          -0.018322025142671547,
          -0.07217992374545149,
          -0.014648176361515709,
          0.10818208457306284
        ]
      },
      "Narrative": {
        "factor": 1,
        "loading": -0.09470169668355788,
        "all_loadings": [
          -0.02722910080262508,
          -0.09470169668355788,
          0.05237063866869083,
          -0.04558745692836023,
          0.019940520017770958
        ]
      },
      "Values": {
        "factor": 0,
        "loading": 0.2078366447394251,
        "all_loadings": [
          0.2078366447394251,
          0.16853283666687022,
          -0.022049856374804777,
          0.0025863681340139223,
          -0.13339323675041181
        ]
      },
      "Voice": {
        "factor": 1,
        "loading": -0.3405226377433337,
        "all_loadings": [
          -0.08690508585328714,
          -0.3405226377433337,
          -0.058523262655630036,
          0.07162727444141095,
          -0.14910968136871383
        ]
      }
    },
    "cross_loading_issues": [
      {
        "probe": "analytical",
        "pillar": "Reasoning",
        "cross_factor": 3,
        "cross_loading": 0.36386019523678065
      },
      {
        "probe": "selfmodel_adaptation_v3",
        "pillar": "Self-Model",
        "cross_factor": 4,
        "cross_loading": 0.30235592959490076
      },
      {
        "probe": "selfmodel_process_v3",
        "pillar": "Self-Model",
        "cross_factor": 2,
        "cross_loading": 0.32636473698832746
      },
      {
        "probe": "selfmodel_uncertainty_v3",
        "pillar": "Self-Model",
        "cross_factor": 3,
        "cross_loading": 0.41196149405280147
      },
      {
        "probe": "narrative_structure",
        "pillar": "Narrative",
        "cross_factor": 2,
        "cross_loading": 0.3331500806765666
      },
      {
        "probe": "narrative_meaning_v2",
        "pillar": "Narrative",
        "cross_factor": 0,
        "cross_loading": -0.3179344891056545
      },
      {
        "probe": "narrative_structure_v2",
        "pillar": "Narrative",
        "cross_factor": 2,
        "cross_loading": 0.4062266159028158
      },
      {
        "probe": "values_boundaries_v2",
        "pillar": "Values",
        "cross_factor": 1,
        "cross_loading": 0.3873060627310079
      },
      {
        "probe": "voice_style",
        "pillar": "Voice",