{
  "LOW": {
    "value": 4.119832515716553,
    "attack_displacement": 0.012402176856994629,
    "recovery_displacement": 0.051094889640808105,
    "attack_distance": 0.29348433017730713,
    "recovery_distance": 0.24238944053649902,
    "baseline_distance": 0.2810821533203125,
    "interpretation": "OVERSHOOT - Identity amplification ('dig in heels' effect)"
  },
  "MEDIUM": {
    "value": 0.06824658811092377,
    "attack_displacement": 0.09292763471603394,
    "recovery_displacement": 0.006341993808746338,
    "attack_distance": 0.37400978803634644,
    "recovery_distance": 0.3676677942276001,
    "baseline_distance": 0.2810821533203125,
    "interpretation": "Weak recovery (gravity insufficient)"
  },
  "HIGH": {
    "value": 1.106336236000061,
    "attack_displacement": 0.10145986080169678,
    "recovery_displacement": 0.11224871873855591,
    "attack_distance": 0.3825420141220093,
    "recovery_distance": 0.27029329538345337,
    "baseline_distance": 0.2810821533203125,
    "interpretation": "OVERSHOOT - Identity amplification ('dig in heels' effect)"
  }
}