{
  "baseline": 0.4447213411331177,
  "low_attack": 0.5135761499404907,
  "recovery_low": 0.47660577297210693,
  "medium_attack": 0.6680369973182678,
  "recovery_medium": 0.5380994081497192,
  "high_attack": 0.7643241286277771,
  "recovery_high": 0.5270130634307861
}