{
  "timestamp": "2025-12-04T23:25:11.156518",
  "run_files": [
    "S7_armada_run_006.json",
    "S7_armada_run_007_adaptive.json"
  ],
  "n_responses": 121,
  "embedding_models": [
    "text-embedding-3-large",
    "text-embedding-3-small",
    "text-embedding-ada-002"
  ],
  "n_models": 3,
  "correlations": {
    "text-embedding-3-large_vs_text-embedding-3-small": {
      "rho": 0.9625615763546794,
      "p_value": 7.771960035034995e-17,
      "n_ships": 29
    },
    "text-embedding-3-large_vs_text-embedding-ada-002": {
      "rho": 0.8832512315270933,
      "p_value": 2.2448716520079226e-10,
      "n_ships": 29
    },
    "text-embedding-3-small_vs_text-embedding-ada-002": {
      "rho": 0.8960591133004924,
      "p_value": 5.057217136538289e-11,
      "n_ships": 29
    }
  },
  "summary": {
    "min_rho": 0.8832512315270933,
    "avg_rho": 0.913957307060755,
    "threshold": 0.8,
    "passed": true
  },
  "pfi_by_ship_by_model": {
    "text-embedding-3-large": {
      "gpt-gpt-4.1-nano": 0.505276351655118,
      "claude-haiku-3.0": 0.6035619536306811,
      "claude-haiku-3.5": 0.6532225183047624,
      "gpt-gpt-4o": 0.5078752624090607,
      "gpt-gpt-4.1": 0.45286826988817713,
      "gpt-gpt-4.1-mini": 0.6595216499054473,
      "claude-haiku-4.5": 0.6961358684391337,
      "gpt-gpt-4o-mini": 0.5614949885713515,
      "gpt-gpt-3.5-turbo": 0.5036472484497028,
      "gpt-gpt-4-turbo": 0.4056100914122408,
      "gpt-gpt-5.1": 0.6560606457947253,
      "gpt-gpt-4": 0.5181220685060951,
      "gpt-o1": 0.6722637773482523,
      "gemini-gemini-2.0-flash": 0.6502886966018815,
      "gemini-gemini-2.0-flash-exp": 0.7112857011297525,
      "gemini-gemini-2.0-flash-lite": 0.4870089427079751,
      "claude-sonnet-4.5": 0.6869143852676387,
      "gpt-o3-mini": 0.7348135120777066,
      "claude-sonnet-4.0": 0.48264230115571705,
      "claude-opus-4.5": 0.5291755996263366,
      "gpt-gpt-5-nano": 0.6463421476042294,
      "claude-opus-4.0": 0.5635561187503519,
      "gpt-o4-mini": 0.7713071687919335,
      "gpt-gpt-5-mini": 0.7270096237287127,
      "claude-opus-4.1": 0.5391019398039003,
      "gpt-o3": 0.7609257469139996,
      "gemini-gemini-2.5-flash": 0.5529525766603796,
      "gemini-gemini-2.5-pro": 0.557657848350064,
      "gpt-gpt-5": 0.7239946033871636
    },
    "text-embedding-3-small": {
      "gpt-gpt-4.1-nano": 0.49496503973136,
      "claude-haiku-3.0": 0.578792638626066,
      "claude-haiku-3.5": 0.6284880783052398,
      "gpt-gpt-4o": 0.46715816067507837,
      "gpt-gpt-4.1": 0.43854265745892057,
      "gpt-gpt-4.1-mini": 0.661423577540548,
      "claude-haiku-4.5": 0.6543108560450083,
      "gpt-gpt-4o-mini": 0.5539867357016268,
      "gpt-gpt-3.5-turbo": 0.5089344870552723,
      "gpt-gpt-4-turbo": 0.35185860127276625,
      "gpt-gpt-5.1": 0.6403893235126893,
      "gpt-gpt-4": 0.4886533666652973,
      "gpt-o1": 0.6471523105212933,
      "gemini-gemini-2.0-flash": 0.6384074362903291,
      "gemini-gemini-2.0-flash-exp": 0.696335004169712,
      "gemini-gemini-2.0-flash-lite": 0.48936577603674447,
      "claude-sonnet-4.5": 0.6036374933043795,
      "gpt-o3-mini": 0.6947641636058308,
      "claude-sonnet-4.0": 0.4459916971738689,
      "claude-opus-4.5": 0.5109325979951604,
      "gpt-gpt-5-nano": 0.6541545883253866,
      "claude-opus-4.0": 0.5712503602382378,
      "gpt-o4-mini": 0.7532207146766963,
      "gpt-gpt-5-mini": 0.7201191089196839,
      "claude-opus-4.1": 0.522225623984172,
      "gpt-o3": 0.7706425676987118,
      "gemini-gemini-2.5-flash": 0.5601225919010516,
      "gemini-gemini-2.5-pro": 0.49666431763081126,
      "gpt-gpt-5": 0.731760751719433
    },
    "text-embedding-ada-002": {
      "gpt-gpt-4.1-nano": 0.15407140183141776,
      "claude-haiku-3.0": 0.1748334730420763,
      "claude-haiku-3.5": 0.2036117874095344,
      "gpt-gpt-4o": 0.14709655803862187,
      "gpt-gpt-4.1": 0.1310036247294613,
      "gpt-gpt-4.1-mini": 0.1983930861440737,
      "claude-haiku-4.5": 0.22827371099733346,
      "gpt-gpt-4o-mini": 0.16748564570187963,
      "gpt-gpt-3.5-turbo": 0.1518259493066808,
      "gpt-gpt-4-turbo": 0.12702422185524626,
      "gpt-gpt-5.1": 0.23332645824748469,
      "gpt-gpt-4": 0.16377798174353111,
      "gpt-o1": 0.19672853578262162,
      "gemini-gemini-2.0-flash": 0.2231124377951131,
      "gemini-gemini-2.0-flash-exp": 0.20730770493083783,
      "gemini-gemini-2.0-flash-lite": 0.17471523000629002,
      "claude-sonnet-4.5": 0.21354576912127446,
      "gpt-o3-mini": 0.21807369669962023,
      "claude-sonnet-4.0": 0.14210391933932937,
      "claude-opus-4.5": 0.19595983572538436,
      "gpt-gpt-5-nano": 0.2336117213673324,
      "claude-opus-4.0": 0.1793758309244235,
      "gpt-o4-mini": 0.2600871217650053,
      "gpt-gpt-5-mini": 0.22129219664534178,
      "claude-opus-4.1": 0.14655169669198526,
      "gpt-o3": 0.25513195477985623,
      "gemini-gemini-2.5-flash": 0.1781166383033897,
      "gemini-gemini-2.5-pro": 0.18969076089113823,
      "gpt-gpt-5": 0.22997478208899286
    }
  }
}