{
  "description": "PC loadings from IRON CLAD Run 023d - answers 'What ARE the 2 PCs?'",
  "methodology": "cosine",
  "event_horizon": 0.8,
  "n_samples": 4505,
  "n_components": 5,
  "feature_names": [
    "peak_drift",
    "settled_drift",
    "settling_time",
    "overshoot_ratio",
    "ringback_count"
  ],
  "components": [
    [
      0.6282596759994787,
      0.7780037143311271,
      -0.0,
      4.3841963187253364e-14,
      -0.0
    ],
    [
      0.7780037143311271,
      -0.6282596759994787,
      -0.0,
      3.5607408297742777e-13,
      0.0
    ],
    [
      0.0,
      0.0,
      0.0,
      0.0,
      1.0
    ],
    [
      -0.0,
      -0.0,
      1.0,
      -0.0,
      -0.0
    ],
    [
      -3.045710967206937e-13,
      1.8959777779995876e-13,
      -0.0,
      1.0,
      -0.0
    ]
  ],
  "explained_variance_ratio": [
    0.7418132482935077,
    0.2581867517064923,
    0.0,
    0.0,
    0.0
  ],
  "cumulative_variance": [
    0.7418132482935077,
    1.0,
    1.0,
    1.0,
    1.0
  ],
  "pcs_for_90_percent": 2,
  "pc1_loadings": {
    "peak_drift": 0.6282596759994787,
    "settled_drift": 0.7780037143311271,
    "settling_time": -0.0,
    "overshoot_ratio": 4.3841963187253364e-14,
    "ringback_count": -0.0
  },
  "pc2_loadings": {
    "peak_drift": 0.7780037143311271,
    "settled_drift": -0.6282596759994787,
    "settling_time": -0.0,
    "overshoot_ratio": 3.5607408297742777e-13,
    "ringback_count": 0.0
  },
  "generated": "2025-12-31T16:42:00.748164"
}