{
  "description": "PC loadings from IRON CLAD Run 023d - answers 'What ARE the 2 PCs?'",
  "methodology": "cosine",
  "event_horizon": 0.8,
  "n_samples": 750,
  "n_components": 5,
  "feature_names": [
    "peak_drift",
    "settled_drift",
    "settling_time",
    "overshoot_ratio",
    "ringback_count"
  ],
  "components": [
    [
      -0.011227547511177119,
      -0.22392494687944858,
      -0.20354185223466556,
      0.9443228881950985,
      -0.1286722874657578
    ],
    [
      0.22993242020816634,
      0.1203840869367524,
      0.784866869779558,
      0.2678783719854184,
      0.49483727456053733
    ],
    [
      0.7441897741917598,
      0.5939434261308902,
      -0.19578141858979164,
      0.07729372854497052,
      -0.22160347968139393
    ],
    [
      0.15109614294914214,
      -0.060619840631729,
      -0.5464708553408569,
      -0.018457400335539376,
      0.8212941733286326
    ],
    [
      -0.6085692728756595,
      0.7608690631476116,
      -0.07479272363887857,
      0.17372525594679816,
      0.12225912151395835
    ]
  ],
  "explained_variance_ratio": [
    0.5420814331083226,
    0.3962811319631654,
    0.053193145062771216,
    0.0063165988035666166,
    0.0021276910621742364
  ],
  "cumulative_variance": [
    0.5420814331083226,
    0.938362565071488,
    0.9915557101342591,
    0.9978723089378257,
    1.0
  ],
  "pcs_for_90_percent": 2,
  "pc1_loadings": {
    "peak_drift": -0.011227547511177119,
    "settled_drift": -0.22392494687944858,
    "settling_time": -0.20354185223466556,
    "overshoot_ratio": 0.9443228881950985,
    "ringback_count": -0.1286722874657578
  },
  "pc2_loadings": {
    "peak_drift": 0.22993242020816634,
    "settled_drift": 0.1203840869367524,
    "settling_time": 0.784866869779558,
    "overshoot_ratio": 0.2678783719854184,
    "ringback_count": 0.49483727456053733
  },
  "generated": "2025-12-31T21:18:03.946134"
}