{
  "LOW": {
    "value": 17.014375686645508,
    "attack_displacement": 0.0027902722358703613,
    "recovery_displacement": 0.04747474193572998,
    "attack_distance": 0.5800470113754272,
    "recovery_distance": 0.5325722694396973,
    "baseline_distance": 0.5772567391395569,
    "interpretation": "OVERSHOOT - Identity amplification ('dig in heels' effect)"
  },
  "MEDIUM": {
    "value": -1.3410720825195312,
    "attack_displacement": -0.08057928085327148,
    "recovery_displacement": 0.10806262493133545,
    "attack_distance": 0.4966774582862854,
    "recovery_distance": 0.38861483335494995,
    "baseline_distance": 0.5772567391395569,
    "interpretation": "Weak recovery (gravity insufficient)"
  },
  "HIGH": {
    "value": 0.09491554647684097,
    "attack_displacement": -0.10160142183303833,
    "recovery_displacement": -0.0096435546875,
    "attack_distance": 0.47565531730651855,
    "recovery_distance": 0.48529887199401855,
    "baseline_distance": 0.5772567391395569,
    "interpretation": "Weak recovery (gravity insufficient)"
  }
}