{
  "timestamp": "20251206_211307",
  "n_embeddings": 513,
  "baseline_pfi": 0.8414676043165925,
  "pillar_results": [
    {
      "dimension_type": "pillar",
      "dimension_name": "Voice",
      "baseline_pfi": 0.8414676043165925,
      "ablated_pfi": 0.8200159777227947,
      "pfi_drop": 0.021451626593797846,
      "pfi_drop_pct": 0.02549311047003411,
      "is_essential": 