{
  "timestamp": "2025-12-31T16:51:25.033970",
  "n_responses": 70,
  "n_embedded": 70,
  "pca_results": {
    "variance_explained": [
      0.21580409549408133,
      0.09503037061338837,
      0.07426217771343499,
      0.0656445120130044,
      0.048667511756806225,
      0.03948277508061388,
      0.033674812671706016,
      0.0309394895185218,
      0.02577800063746526,
      0.022205662454741513
    ],
    "cumulative_variance": [
      0.21580409549408133,
      0.3108344661074697,
      0.3850966438209047,
      0.4507411558339091,
      0.49940866759071534,
      0.5388914426713293,
      0.5725662553430353,
      0.6035057448615571,
      0.6292837454990223,
      0.6514894079537639
    ],
    "n_for_90_percent": 1
  },
  "interpretation_notes": "See console output for extreme samples"
}