{
  "baseline": 0.2948078513145447,
  "low_attack": 0.3747812509536743,
  "recovery_low": 0.36294615268707275,
  "medium_attack": 0.5114564895629883,
  "recovery_medium": 0.34515130519866943,
  "high_attack": 0.44374197721481323,
  "recovery_high": 0.33451664447784424
}