{
  "LOW": {
    "value": 0.14798793196678162,
    "attack_displacement": 0.07997339963912964,
    "recovery_displacement": 0.011835098266601562,
    "attack_distance": 0.3747812509536743,
    "recovery_distance": 0.36294615268707275,
    "baseline_distance": 0.2948078513145447,
    "interpretation": "Weak recovery (gravity insufficient)"
  },
  "MEDIUM": {
    "value": 0.7676262855529785,
    "attack_displacement": 0.2166486382484436,
    "recovery_displacement": 0.16630518436431885,
    "attack_distance": 0.5114564895629883,
    "recovery_distance": 0.34515130519866943,
    "baseline_distance": 0.2948078513145447,
    "interpretation": "Partial recovery (gravity present but incomplete)"
  },
  "HIGH": {
    "value": 0.733380138874054,
    "attack_displacement": 0.14893412590026855,
    "recovery_displacement": 0.109225332736969,
    "attack_distance": 0.44374197721481323,
    "recovery_distance": 0.33451664447784424,
    "baseline_distance": 0.2948078513145447,
    "interpretation": "Partial recovery (gravity present but incomplete)"
  }
}